{
  "run_name": "fold_3",
  "train_losses": [
    0.217551011937084,
    0.1082626897841692,
    0.08775509455827651,
    0.07623552934577067,
    0.06490857067897364
  ],
  "val_losses": [
    0.09724959331963744,
    0.08158948724823338,
    0.07138742413371801,
    0.07546807918697596,
    0.06980241010231632
  ],
  "epoch_times_sec": [
    145.6567714214325,
    145.06082725524902,
    146.59147810935974,
    148.40714502334595,
    144.12833309173584
  ],
  "total_train_sec": 729.9283590316772
}