{
  "run_name": "fold_0",
  "train_losses": [
    0.21778993267152044,
    0.10287964054279858,
    0.08486793221284945,
    0.07386414903319544,
    0.06373894256022242
  ],
  "val_losses": [
    0.1103831526956388,
    0.09574554381625992,
    0.08742000162601471,
    0.0814414085554225,
    0.08100800482290131
  ],
  "epoch_times_sec": [
    149.97350144386292,
    149.5171446800232,
    148.46768140792847,
    154.2495095729828,
    151.5088608264923
  ],
  "total_train_sec": 753.7949068546295
}