{
  "run_name": "fold_1",
  "train_losses": [
    0.21615976854055016,
    0.10501889646467236,
    0.08648801467346924,
    0.07380816654336673,
    0.06425602332240453
  ],
  "val_losses": [
    0.10496757738292217,
    0.0937188318265336,
    0.08051165858549732,
    0.07932418904134206,
    0.08580330812505313
  ],
  "epoch_times_sec": [
    145.2021975517273,
    142.15587186813354,
    145.6663634777069,
    144.22559452056885,
    147.49088382720947
  ],
  "total_train_sec": 724.8146402835846
}