{
  "run_name": "fold_4",
  "train_losses": [
    0.21600479874070044,
    0.10562667947400499,
    0.0866615840199369,
    0.07364237601696341,
    0.06395212402222333
  ],
  "val_losses": [
    0.10794694828135627,
    0.08010225410440139,
    0.07716109537120376,
    0.0718339400898133,
    0.06782450526952744
  ],
  "epoch_times_sec": [
    145.03395557403564,
    143.65186524391174,
    146.0757942199707,
    145.46602702140808,
    145.64510202407837
  ],
  "total_train_sec": 725.9532513618469
}