{
  "run_name": "fold_2",
  "train_losses": [
    0.216938108343769,
    0.10679265360037486,
    0.08357852290349978,
    0.07396309422674002,
    0.06197815293584157
  ],
  "val_losses": [
    0.11461050542337554,
    0.0851577723930989,
    0.08289467796151127,
    0.07655150323574032,
    0.07170040812343359
  ],
  "epoch_times_sec": [
    143.5502486228943,
    141.56624269485474,
    145.55417728424072,
    140.9504518508911,
    144.14448976516724
  ],
  "total_train_sec": 715.8507807254791
}