{
  "run_name": "fold_4",
  "train_losses": [
    0.6037038738528887,
    0.3347211331129074,
    0.23313361530502638,
    0.1451702949901422,
    0.0902425954118371
  ],
  "val_losses": [
    0.5146506279706955,
    0.4252111464738846,
    0.4338074177503586,
    0.4463008940219879,
    0.5146462172269821
  ],
  "epoch_times_sec": [
    0.8216862678527832,
    0.9106619358062744,
    0.9005382061004639,
    0.8321480751037598,
    0.9451882839202881
  ],
  "total_train_sec": 4.452535390853882
}