{
  "run_name": "fold_3",
  "train_losses": [
    0.6147388418515524,
    0.3556647797425588,
    0.25466382627685863,
    0.14442950362960497,
    0.11903329162547986
  ],
  "val_losses": [
    0.4029453247785568,
    0.31182586401700974,
    0.26251270622015,
    0.18958225287497044,
    0.15622237464413047
  ],
  "epoch_times_sec": [
    0.8715674877166748,
    0.8715112209320068,
    0.880974531173706,
    0.836777925491333,
    0.893695592880249
  ],
  "total_train_sec": 4.398785829544067
}