{
  "run_name": "fold_0",
  "train_losses": [
    0.6165611147880554,
    0.32977018505334854,
    0.2346749765177568,
    0.11990100269516309,
    0.11398002536346515
  ],
  "val_losses": [
    0.5231325328350067,
    0.4717041179537773,
    0.4713214486837387,
    0.49328282475471497,
    0.4621726833283901
  ],
  "epoch_times_sec": [
    1.338599681854248,
    0.8314642906188965,
    0.9136147499084473,
    0.8560061454772949,
    0.880979061126709
  ],
  "total_train_sec": 4.860819578170776
}