{
  "run_name": "fold_2",
  "train_losses": [
    0.6271442025899887,
    0.36068803692857426,
    0.23574679344892502,
    0.1546788259098927,
    0.11416427604854107
  ],
  "val_losses": [
    0.5657440423965454,
    0.51622374355793,
    0.4289870522916317,
    0.3470928221940994,
    0.2542551290243864
  ],
  "epoch_times_sec": [
    0.910912036895752,
    0.868851900100708,
    0.8753814697265625,
    0.9097638130187988,
    0.8484580516815186
  ],
  "total_train_sec": 4.44989275932312
}