{
  "run_name": "fold_1",
  "train_losses": [
    0.6156759088238081,
    0.3624219248692195,
    0.23561286367475986,
    0.16670597220460573,
    0.11797285033389926
  ],
  "val_losses": [
    0.3554874435067177,
    0.2933015748858452,
    0.3125477135181427,
    0.2449965886771679,
    0.20497210044413805
  ],
  "epoch_times_sec": [
    0.864966869354248,
    0.8632853031158447,
    0.9211325645446777,
    0.818138837814331,
    0.8904941082000732
  ],
  "total_train_sec": 4.402932167053223
}