{
  "data_flag": "breastmnist",
  "num_classes": 2,
  "class_names": [
    "malignant",
    "normal, benign"
  ],
  "is_ensemble": false,
  "metrics": {
    "accuracy": 0.8782051282051282,
    "balanced_accuracy": 0.8339598997493735,
    "auc": 0.9108187134502924
  },
  "confusion_matrix": [
    [
      31,
      11
    ],
    [
      8,
      106
    ]
  ],
  "counts": {
    "n_samples": 156
  },
  "timing": {
    "eval_wall_sec": 0.7128057479858398,
    "throughput_img_per_s": 218.85345403120823,
    "latency_ms_per_img": 4.569267615293845
  }
}