{
  "data_flag": "breastmnist",
  "num_classes": 2,
  "class_names": [
    "malignant",
    "normal, benign"
  ],
  "is_ensemble": false,
  "metrics": {
    "accuracy": 0.8782051282051282,
    "balanced_accuracy": 0.818922305764411,
    "auc": 0.8899331662489558
  },
  "confusion_matrix": [
    [
      29,
      13
    ],
    [
      6,
      108
    ]
  ],
  "counts": {
    "n_samples": 156
  },
  "timing": {
    "eval_wall_sec": 0.7014334201812744,
    "throughput_img_per_s": 222.4017212634155,
    "latency_ms_per_img": 4.4963680780850925
  }
}