{
  "data_flag": "breastmnist",
  "num_classes": 2,
  "class_names": [
    "malignant",
    "normal, benign"
  ],
  "is_ensemble": false,
  "metrics": {
    "accuracy": 0.8653846153846154,
    "balanced_accuracy": 0.7951127819548872,
    "auc": 0.900375939849624
  },
  "confusion_matrix": [
    [
      27,
      15
    ],
    [
      6,
      108
    ]
  ],
  "counts": {
    "n_samples": 156
  },
  "timing": {
    "eval_wall_sec": 0.6790142059326172,
    "throughput_img_per_s": 229.74482512591328,
    "latency_ms_per_img": 4.352655166234726
  }
}