{
  "data_flag": "breastmnist",
  "num_classes": 2,
  "class_names": [
    "malignant",
    "normal, benign"
  ],
  "is_ensemble": false,
  "metrics": {
    "accuracy": 0.8974358974358975,
    "balanced_accuracy": 0.8471177944862156,
    "auc": 0.9223057644110275
  },
  "confusion_matrix": [
    [
      31,
      11
    ],
    [
      5,
      109
    ]
  ],
  "counts": {
    "n_samples": 156
  },
  "timing": {
    "eval_wall_sec": 0.6969835758209229,
    "throughput_img_per_s": 223.82162996632985,
    "latency_ms_per_img": 4.467843434749505
  }
}