{
  "run_name": "fold_4",
  "train_losses": [
    0.2872054720669985,
    0.09299658868461848,
    0.06517313867807388,
    0.050451409611850975,
    0.04124804312363267
  ],
  "val_losses": [
    0.0708942323923111,
    0.054458369240164756,
    0.037440254390239715,
    0.03145654305815697,
    0.030943968072533606
  ],
  "epoch_times_sec": [
    262.0014455318451,
    329.42353916168213,
    318.9264223575592,
    326.4935185909271,
    316.7551574707031
  ],
  "total_train_sec": 1553.704286813736
}