{
  "run_name": "fold_0",
  "train_losses": [
    0.2854999080300331,
    0.09481209862977266,
    0.0665891670808196,
    0.051602587345987556,
    0.04264101792126894
  ],
  "val_losses": [
    0.0774024261534214,
    0.059321140199899675,
    0.04023180987685919,
    0.033580377362668515,
    0.0322922389395535
  ],
  "epoch_times_sec": [
    2503.6693029403687,
    1477.818834066391,
    1923.6914172172546,
    2035.2382338047028,
    873.6079354286194
  ],
  "total_train_sec": 8814.212230682373
}