{
  "run_name": "fold_2",
  "train_losses": [
    0.2840971411764622,
    0.08967971116304398,
    0.06668147407472133,
    0.05185219513252377,
    0.04020704416558146
  ],
  "val_losses": [
    0.06956333309412002,
    0.0484852809458971,
    0.06337516769766807,
    0.03501705907285214,
    0.03594535827636719
  ],
  "epoch_times_sec": [
    314.14292430877686,
    317.6121256351471,
    309.9526915550232,
    324.4417493343353,
    274.99943256378174
  ],
  "total_train_sec": 1541.2313158512115
}