{
  "run_name": "fold_3",
  "train_losses": [
    0.28443449825048445,
    0.09090470056980848,
    0.06556769896298648,
    0.0511199589446187,
    0.04347688363865018
  ],
  "val_losses": [
    0.0813700096309185,
    0.048743368908762935,
    0.05082746267318725,
    0.030561284422874452,
    0.036628474593162534
  ],
  "epoch_times_sec": [
    332.36580753326416,
    311.85952973365784,
    314.9426383972168,
    322.49106097221375,
    318.5148968696594
  ],
  "total_train_sec": 1600.2677569389343
}