{
  "run_name": "fold_1",
  "train_losses": [
    0.2844516482204199,
    0.08995539754629135,
    0.06608933288604021,
    0.05277510564774275,
    0.041328708473593
  ],
  "val_losses": [
    0.07340313822031021,
    0.04866524338722229,
    0.040839536599814895,
    0.05069961197674275,
    0.02961521115154028
  ],
  "epoch_times_sec": [
    322.9971764087677,
    312.4978332519531,
    314.8099501132965,
    271.2445590496063,
    336.08579754829407
  ],
  "total_train_sec": 1557.7384941577911
}