{
  "data_flag": "pathmnist",
  "num_classes": 9,
  "class_names": [
    "adipose",
    "background",
    "debris",
    "lymphocytes",
    "mucus",
    "smooth muscle",
    "normal colon mucosa",
    "cancer-associated stroma",
    "colorectal adenocarcinoma epithelium"
  ],
  "is_ensemble": false,
  "metrics": {
    "accuracy": 0.953899721448468,
    "balanced_accuracy": 0.9379218447659525,
    "auc": 0.9931372622373851
  },
  "confusion_matrix": [
    [
      1296,
      0,
      0,
      0,
      0,
      42,
      0,
      0,
      0
    ],
    [
      0,
      847,
      0,
      0,
      0,
      0,
      0,
      0,
      0
    ],
    [
      0,
      0,
      339,
      0,
      0,
      0,
      0,
      0,
      0
    ],
    [
      0,
      0,
      4,
      629,
      0,
      0,
      0,
      0,
      1
    ],
    [
      5,
      5,
      0,
      0,
      1020,
      0,
      3,
      0,
      2
    ],
    [
      0,
      0,
      0,
      0,
      0,
      544,
      0,
      48,
      0
    ],
    [
      0,
      0,
      0,
      1,
      1,
      0,
      737,
      0,
      2
    ],
    [
      0,
      0,
      3,
      1,
      5,
      133,
      9,
      266,
      4
    ],
    [
      0,
      0,
      4,
      1,
      6,
      1,
      49,
      1,
      1171
    ]
  ],
  "counts": {
    "n_samples": 7180
  },
  "timing": {
    "eval_wall_sec": 5.640718221664429,
    "throughput_img_per_s": 1272.887550458312,
    "latency_ms_per_img": 0.785615351206745
  }
}