{
  "data_flag": "pathmnist",
  "num_classes": 9,
  "class_names": [
    "adipose",
    "background",
    "debris",
    "lymphocytes",
    "mucus",
    "smooth muscle",
    "normal colon mucosa",
    "cancer-associated stroma",
    "colorectal adenocarcinoma epithelium"
  ],
  "is_ensemble": false,
  "metrics": {
    "accuracy": 0.9506963788300835,
    "balanced_accuracy": 0.9350081167220592,
    "auc": 0.9935782450896027
  },
  "confusion_matrix": [
    [
      1297,
      1,
      0,
      0,
      1,
      38,
      1,
      0,
      0
    ],
    [
      1,
      846,
      0,
      0,
      0,
      0,
      0,
      0,
      0
    ],
    [
      0,
      0,
      337,
      0,
      0,
      2,
      0,
      0,
      0
    ],
    [
      0,
      0,
      1,
      632,
      0,
      0,
      0,
      0,
      1
    ],
    [
      8,
      13,
      1,
      0,
      1001,
      5,
      1,
      2,
      4
    ],
    [
      0,
      0,
      0,
      0,
      0,
      486,
      0,
      106,
      0
    ],
    [
      0,
      0,
      0,
      2,
      1,
      0,
      720,
      0,
      18
    ],
    [
      0,
      0,
      4,
      0,
      0,
      90,
      9,
      303,
      15
    ],
    [
      0,
      0,
      2,
      2,
      0,
      0,
      24,
      1,
      1204
    ]
  ],
  "counts": {
    "n_samples": 7180
  },
  "timing": {
    "eval_wall_sec": 5.8379950523376465,
    "throughput_img_per_s": 1229.8742865712072,
    "latency_ms_per_img": 0.8130912329161067
  }
}