{
  "data_flag": "pathmnist",
  "num_classes": 9,
  "class_names": [
    "adipose",
    "background",
    "debris",
    "lymphocytes",
    "mucus",
    "smooth muscle",
    "normal colon mucosa",
    "cancer-associated stroma",
    "colorectal adenocarcinoma epithelium"
  ],
  "is_ensemble": false,
  "metrics": {
    "accuracy": 0.9513927576601672,
    "balanced_accuracy": 0.9338173780206319,
    "auc": 0.9946710814489772
  },
  "confusion_matrix": [
    [
      1315,
      0,
      0,
      0,
      1,
      22,
      0,
      0,
      0
    ],
    [
      0,
      847,
      0,
      0,
      0,
      0,
      0,
      0,
      0
    ],
    [
      0,
      0,
      337,
      0,
      0,
      0,
      0,
      2,
      0
    ],
    [
      0,
      0,
      43,
      588,
      0,
      1,
      2,
      0,
      0
    ],
    [
      9,
      0,
      7,
      0,
      1013,
      2,
      1,
      1,
      2
    ],
    [
      0,
      0,
      0,
      0,
      0,
      508,
      0,
      84,
      0
    ],
    [
      0,
      0,
      0,
      0,
      2,
      0,
      726,
      0,
      13
    ],
    [
      0,
      0,
      0,
      0,
      3,
      107,
      9,
      300,
      2
    ],
    [
      0,
      0,
      5,
      0,
      2,
      3,
      22,
      4,
      1197
    ]
  ],
  "counts": {
    "n_samples": 7180
  },
  "timing": {
    "eval_wall_sec": 5.764145612716675,
    "throughput_img_per_s": 1245.6312665245152,
    "latency_ms_per_img": 0.8028057956429909
  }
}