{
  "data_flag": "pathmnist",
  "num_classes": 9,
  "class_names": [
    "adipose",
    "background",
    "debris",
    "lymphocytes",
    "mucus",
    "smooth muscle",
    "normal colon mucosa",
    "cancer-associated stroma",
    "colorectal adenocarcinoma epithelium"
  ],
  "is_ensemble": false,
  "metrics": {
    "accuracy": 0.952924791086351,
    "balanced_accuracy": 0.9338618101561639,
    "auc": 0.9908518726415885
  },
  "confusion_matrix": [
    [
      1316,
      1,
      0,
      0,
      1,
      20,
      0,
      0,
      0
    ],
    [
      1,
      846,
      0,
      0,
      0,
      0,
      0,
      0,
      0
    ],
    [
      0,
      0,
      333,
      0,
      0,
      0,
      0,
      6,
      0
    ],
    [
      0,
      0,
      0,
      634,
      0,
      0,
      0,
      0,
      0
    ],
    [
      5,
      2,
      6,
      0,
      1011,
      1,
      5,
      1,
      4
    ],
    [
      0,
      0,
      0,
      0,
      0,
      454,
      0,
      138,
      0
    ],
    [
      0,
      0,
      0,
      4,
      1,
      0,
      721,
      0,
      15
    ],
    [
      0,
      0,
      5,
      2,
      1,
      95,
      2,
      310,
      6
    ],
    [
      0,
      0,
      3,
      6,
      0,
      0,
      6,
      1,
      1217
    ]
  ],
  "counts": {
    "n_samples": 7180
  },
  "timing": {
    "eval_wall_sec": 6.209565877914429,
    "throughput_img_per_s": 1156.2805099688394,
    "latency_ms_per_img": 0.8648420442777756
  }
}