{
  "run_name": "fold_1",
  "train_losses": [
    1.0361599165659685,
    0.258561440385305,
    0.13363083738547105,
    0.09365567163779186,
    0.07274892152501987
  ],
  "val_losses": [
    0.24841243028640747,
    0.1336443144828081,
    0.07967645116150379,
    0.06273658759891987,
    0.051027282141149044
  ],
  "epoch_times_sec": [
    44.53942584991455,
    44.50341463088989,
    42.43878793716431,
    47.2374153137207,
    50.28277516365051
  ],
  "total_train_sec": 229.07250690460205
}