{
  "run_name": "fold_0",
  "train_losses": [
    1.0284896011535938,
    0.24703159699073204,
    0.13849340723111078,
    0.09241100973807849,
    0.07010082098153922
  ],
  "val_losses": [
    0.2496292144060135,
    0.10571051761507988,
    0.0933262575417757,
    0.06182260252535343,
    0.04987442772835493
  ],
  "epoch_times_sec": [
    35.58935880661011,
    65.32279062271118,
    64.67382001876831,
    31.005441188812256,
    24.031792640686035
  ],
  "total_train_sec": 220.68737816810608
}