{
  "run_name": "fold_2",
  "train_losses": [
    1.0391995562956884,
    0.25074350375395554,
    0.13153683222257173,
    0.09124691612445392,
    0.07119176651422794
  ],
  "val_losses": [
    0.2645454555749893,
    0.1228924747556448,
    0.09478124603629112,
    0.14743288233876228,
    0.06638502981513739
  ],
  "epoch_times_sec": [
    46.1098518371582,
    44.02649140357971,
    46.70300006866455,
    42.952765703201294,
    46.458733797073364
  ],
  "total_train_sec": 226.31763744354248
}