{
  "run_name": "fold_3",
  "train_losses": [
    1.0299837451714735,
    0.24392439768864557,
    0.13389227653925234,
    0.08541091703451596,
    0.0643605595597854
  ],
  "val_losses": [
    0.2642747014760971,
    0.12678848020732403,
    0.08388462662696838,
    0.07148970849812031,
    0.058479614555835724
  ],
  "epoch_times_sec": [
    53.21911573410034,
    48.96119928359985,
    45.63372254371643,
    47.412331342697144,
    46.21231031417847
  ],
  "total_train_sec": 241.52458262443542
}