{
  "run_name": "fold_4",
  "train_losses": [
    1.034646932895367,
    0.2546734271141199,
    0.13418913059509718,
    0.09071729561457267,
    0.06586370015373597
  ],
  "val_losses": [
    0.2839716486632824,
    0.12432447075843811,
    0.10055753029882908,
    0.08601405657827854,
    0.10268172807991505
  ],
  "epoch_times_sec": [
    41.05558204650879,
    44.303311586380005,
    45.38755202293396,
    47.570334672927856,
    45.292415618896484
  ],
  "total_train_sec": 223.6685962677002
}