{
  "data_flag": "bloodmnist",
  "num_classes": 8,
  "class_names": [
    "basophil",
    "eosinophil",
    "erythroblast",
    "immature granulocytes(myelocytes, metamyelocytes and promyelocytes)",
    "lymphocyte",
    "monocyte",
    "neutrophil",
    "platelet"
  ],
  "is_ensemble": false,
  "metrics": {
    "accuracy": 0.9859690149079217,
    "balanced_accuracy": 0.987014289297712,
    "auc": 0.999014179572105
  },
  "confusion_matrix": [
    [
      242,
      0,
      0,
      1,
      0,
      0,
      1,
      0
    ],
    [
      0,
      624,
      0,
      0,
      0,
      0,
      0,
      0
    ],
    [
      0,
      0,
      308,
      1,
      0,
      1,
      1,
      0
    ],
    [
      0,
      0,
      0,
      567,
      1,
      2,
      9,
      0
    ],
    [
      0,
      0,
      1,
      0,
      242,
      0,
      0,
      0
    ],
    [
      0,
      0,
      0,
      6,
      2,
      276,
      0,
      0
    ],
    [
      0,
      1,
      0,
      20,
      0,
      1,
      644,
      0
    ],
    [
      0,
      0,
      0,
      0,
      0,
      0,
      0,
      470
    ]
  ],
  "counts": {
    "n_samples": 3421
  },
  "timing": {
    "eval_wall_sec": 3.5918407440185547,
    "throughput_img_per_s": 952.4364368595535,
    "latency_ms_per_img": 1.0499388319259149
  }
}