{
  "data_flag": "bloodmnist",
  "num_classes": 8,
  "class_names": [
    "basophil",
    "eosinophil",
    "erythroblast",
    "immature granulocytes(myelocytes, metamyelocytes and promyelocytes)",
    "lymphocyte",
    "monocyte",
    "neutrophil",
    "platelet"
  ],
  "is_ensemble": false,
  "metrics": {
    "accuracy": 0.9751534638994446,
    "balanced_accuracy": 0.9783858497089793,
    "auc": 0.9989271435668641
  },
  "confusion_matrix": [
    [
      235,
      0,
      0,
      3,
      1,
      4,
      1,
      0
    ],
    [
      0,
      623,
      0,
      0,
      0,
      1,
      0,
      0
    ],
    [
      0,
      0,
      309,
      1,
      0,
      1,
      0,
      0
    ],
    [
      0,
      0,
      3,
      527,
      2,
      36,
      11,
      0
    ],
    [
      0,
      0,
      1,
      0,
      242,
      0,
      0,
      0
    ],
    [
      0,
      0,
      0,
      0,
      2,
      282,
      0,
      0
    ],
    [
      0,
      1,
      0,
      13,
      0,
      4,
      648,
      0
    ],
    [
      0,
      0,
      0,
      0,
      0,
      0,
      0,
      470
    ]
  ],
  "counts": {
    "n_samples": 3421
  },
  "timing": {
    "eval_wall_sec": 3.608304738998413,
    "throughput_img_per_s": 948.0906540475834,
    "latency_ms_per_img": 1.0547514583450492
  }
}