{
  "data_flag": "bloodmnist",
  "num_classes": 8,
  "class_names": [
    "basophil",
    "eosinophil",
    "erythroblast",
    "immature granulocytes(myelocytes, metamyelocytes and promyelocytes)",
    "lymphocyte",
    "monocyte",
    "neutrophil",
    "platelet"
  ],
  "is_ensemble": false,
  "metrics": {
    "accuracy": 0.9839228295819936,
    "balanced_accuracy": 0.9862143093355811,
    "auc": 0.9990590259896879
  },
  "confusion_matrix": [
    [
      241,
      0,
      0,
      3,
      0,
      0,
      0,
      0
    ],
    [
      0,
      624,
      0,
      0,
      0,
      0,
      0,
      0
    ],
    [
      0,
      0,
      310,
      1,
      0,
      0,
      0,
      0
    ],
    [
      2,
      0,
      0,
      561,
      2,
      7,
      7,
      0
    ],
    [
      0,
      0,
      0,
      0,
      243,
      0,
      0,
      0
    ],
    [
      0,
      0,
      0,
      5,
      2,
      277,
      0,
      0
    ],
    [
      0,
      2,
      0,
      23,
      0,
      1,
      640,
      0
    ],
    [
      0,
      0,
      0,
      0,
      0,
      0,
      0,
      470
    ]
  ],
  "counts": {
    "n_samples": 3421
  },
  "timing": {
    "eval_wall_sec": 3.6723365783691406,
    "throughput_img_per_s": 931.5594927083841,
    "latency_ms_per_img": 1.0734687455039873
  }
}