{
  "data_flag": "bloodmnist",
  "num_classes": 8,
  "class_names": [
    "basophil",
    "eosinophil",
    "erythroblast",
    "immature granulocytes(myelocytes, metamyelocytes and promyelocytes)",
    "lymphocyte",
    "monocyte",
    "neutrophil",
    "platelet"
  ],
  "is_ensemble": false,
  "metrics": {
    "accuracy": 0.9847997661502484,
    "balanced_accuracy": 0.985739077428228,
    "auc": 0.999048916859803
  },
  "confusion_matrix": [
    [
      242,
      0,
      0,
      1,
      0,
      0,
      1,
      0
    ],
    [
      0,
      624,
      0,
      0,
      0,
      0,
      0,
      0
    ],
    [
      1,
      0,
      307,
      2,
      0,
      0,
      1,
      0
    ],
    [
      0,
      0,
      0,
      556,
      0,
      2,
      21,
      0
    ],
    [
      0,
      0,
      1,
      0,
      242,
      0,
      0,
      0
    ],
    [
      0,
      0,
      0,
      6,
      2,
      276,
      0,
      0
    ],
    [
      0,
      2,
      0,
      11,
      0,
      1,
      652,
      0
    ],
    [
      0,
      0,
      0,
      0,
      0,
      0,
      0,
      470
    ]
  ],
  "counts": {
    "n_samples": 3421
  },
  "timing": {
    "eval_wall_sec": 3.4562840461730957,
    "throughput_img_per_s": 989.7913349418826,
    "latency_ms_per_img": 1.0103139567883939
  }
}