{
  "data_flag": "bloodmnist",
  "num_classes": 8,
  "class_names": [
    "basophil",
    "eosinophil",
    "erythroblast",
    "immature granulocytes(myelocytes, metamyelocytes and promyelocytes)",
    "lymphocyte",
    "monocyte",
    "neutrophil",
    "platelet"
  ],
  "is_ensemble": true,
  "metrics": {
    "accuracy": 0.9850920783396667,
    "balanced_accuracy": 0.9865862098603693,
    "auc": 0.9990654755338838
  },
  "confusion_matrix": [
    [
      240,
      0,
      0,
      3,
      0,
      0,
      1,
      0
    ],
    [
      0,
      624,
      0,
      0,
      0,
      0,
      0,
      0
    ],
    [
      0,
      0,
      308,
      1,
      0,
      1,
      1,
      0
    ],
    [
      0,
      0,
      0,
      559,
      2,
      7,
      11,
      0
    ],
    [
      0,
      0,
      1,
      0,
      242,
      0,
      0,
      0
    ],
    [
      0,
      0,
      0,
      2,
      2,
      280,
      0,
      0
    ],
    [
      0,
      1,
      0,
      17,
      0,
      1,
      647,
      0
    ],
    [
      0,
      0,
      0,
      0,
      0,
      0,
      0,
      470
    ]
  ],
  "counts": {
    "n_samples": 3421
  },
  "timing": {
    "eval_wall_sec": 6.521862268447876,
    "throughput_img_per_s": 524.5434293438639,
    "latency_ms_per_img": 1.906419838774591
  }
}