{
  "run_name": "fold_3",
  "train_losses": [
    0.8194857254624367,
    0.5846520927734673,
    0.47324622226879,
    0.37833901117555796,
    0.31868316950276493
  ],
  "val_losses": [
    0.6686835550680393,
    0.6472728604950556,
    0.6662208703232975,
    0.6178731725710195,
    0.6502911092304602
  ],
  "epoch_times_sec": [
    14.869475364685059,
    15.027292251586914,
    15.141156673431396,
    14.94802188873291,
    14.933409690856934
  ],
  "total_train_sec": 74.97953271865845
}