{
  "run_name": "fold_1",
  "train_losses": [
    0.8281754633411765,
    0.592618515715003,
    0.47950074579566715,
    0.3776753241661936,
    0.3185154926963151
  ],
  "val_losses": [
    0.5470497404656759,
    0.5208027544544964,
    0.5777350402459865,
    0.4902543456452649,
    0.5369192845210796
  ],
  "epoch_times_sec": [
    15.318998098373413,
    15.512109994888306,
    15.567950010299683,
    15.411031246185303,
    15.691438913345337
  ],
  "total_train_sec": 77.57130718231201
}