{
  "run_name": "fold_0",
  "train_losses": [
    0.8134116794914007,
    0.5808780150488019,
    0.46747192814946176,
    0.38452318459749224,
    0.3082104659173638
  ],
  "val_losses": [
    0.5930546180276972,
    0.5323480036927433,
    0.5396655652637979,
    0.5319173654013245,
    0.5310100408089233
  ],
  "epoch_times_sec": [
    15.622232675552368,
    15.173524618148804,
    15.44152021408081,
    14.97716498374939,
    15.600923299789429
  ],
  "total_train_sec": 76.89596772193909
}