{
  "run_name": "fold_4",
  "train_losses": [
    0.8349879421293736,
    0.5942566512152553,
    0.4780537589453161,
    0.38973850905895235,
    0.31775141623802483
  ],
  "val_losses": [
    0.5299896721262485,
    0.48376901768624964,
    0.50583371814488,
    0.44305843333557543,
    0.516039944439665
  ],
  "epoch_times_sec": [
    14.974733591079712,
    14.909115314483643,
    15.068788290023804,
    15.062988996505737,
    15.038694620132446
  ],
  "total_train_sec": 75.13495588302612
}