{
  "run_name": "fold_2",
  "train_losses": [
    0.8220612483099103,
    0.5783239452168345,
    0.46699100797995924,
    0.39911091001704335,
    0.31428335094824433
  ],
  "val_losses": [
    0.6441472965042766,
    0.5333200191579214,
    0.5471679306611782,
    0.5444937373806791,
    0.5369136097227655
  ],
  "epoch_times_sec": [
    15.07843017578125,
    15.046386957168579,
    15.2057523727417,
    15.188022136688232,
    15.32417368888855
  ],
  "total_train_sec": 75.90843081474304
}