{
  "data_flag": "dermamnist",
  "num_classes": 7,
  "class_names": [
    "actinic keratoses and intraepithelial carcinoma",
    "basal cell carcinoma",
    "benign keratosis-like lesions",
    "dermatofibroma",
    "melanoma",
    "melanocytic nevi",
    "vascular lesions"
  ],
  "is_ensemble": false,
  "metrics": {
    "accuracy": 0.8299251870324189,
    "balanced_accuracy": 0.6597155702972163,
    "auc": 0.9651627780988415
  },
  "confusion_matrix": [
    [
      41,
      5,
      8,
      3,
      0,
      9,
      0
    ],
    [
      7,
      68,
      3,
      5,
      2,
      16,
      2
    ],
    [
      10,
      7,
      131,
      3,
      14,
      55,
      0
    ],
    [
      1,
      2,
      1,
      13,
      1,
      5,
      0
    ],
    [
      5,
      4,
      19,
      3,
      84,
      103,
      5
    ],
    [
      1,
      7,
      15,
      1,
      12,
      1303,
      2
    ],
    [
      0,
      1,
      0,
      0,
      0,
      4,
      24
    ]
  ],
  "counts": {
    "n_samples": 2005
  },
  "timing": {
    "eval_wall_sec": 1.592599630355835,
    "throughput_img_per_s": 1258.9479250048691,
    "latency_ms_per_img": 0.7943140301026608
  }
}