{
  "run_name": "fold_4",
  "train_losses": [
    0.23626515699120668,
    0.07973772602585646,
    0.04601972929846782,
    0.036609605026359744,
    0.02691475228549769
  ],
  "val_losses": [
    0.07123272227389472,
    0.055868926857198985,
    0.05630287953785488,
    0.04824957570859364,
    0.06047468073666096
  ],
  "epoch_times_sec": [
    6.645539045333862,
    6.694938659667969,
    6.910283803939819,
    7.1191933155059814,
    7.36819314956665
  ],
  "total_train_sec": 34.81245279312134
}