{
  "run_name": "fold_0",
  "train_losses": [
    0.24230181683714574,
    0.0735978761401314,
    0.05744636316712086,
    0.03980357242891422,
    0.028250511574487273
  ],
  "val_losses": [
    0.10049269880567278,
    0.06235583605510848,
    0.06009897616292749,
    0.10356949150030102,
    0.05290715715714863
  ],
  "epoch_times_sec": [
    7.187330961227417,
    7.071323394775391,
    7.228267669677734,
    7.162753582000732,
    7.163686513900757
  ],
  "total_train_sec": 35.88403820991516
}