{
  "run_name": "fold_1",
  "train_losses": [
    0.25516349636018276,
    0.06647412493251838,
    0.0513918914187413,
    0.04170168732078029,
    0.03625260691086833
  ],
  "val_losses": [
    0.08513410495860237,
    0.15681724197098187,
    0.04416100813874176,
    0.05520730172949178,
    0.04913440612809999
  ],
  "epoch_times_sec": [
    6.80871319770813,
    6.600367307662964,
    6.650443077087402,
    6.642448902130127,
    6.611028671264648
  ],
  "total_train_sec": 33.37797546386719
}