{
  "run_name": "fold_2",
  "train_losses": [
    0.24418640451935622,
    0.07549992139236285,
    0.053072259546472475,
    0.03561039716721727,
    0.025003554227833565
  ],
  "val_losses": [
    0.12273890737976346,
    0.1133266059415681,
    0.056137211088623316,
    0.06550185781504426,
    0.062271807342767715
  ],
  "epoch_times_sec": [
    7.162852048873901,
    6.705509185791016,
    6.699416399002075,
    6.712371110916138,
    6.7128496170043945
  ],
  "total_train_sec": 34.05843257904053
}