{
  "run_name": "fold_3",
  "train_losses": [
    0.24107782170176506,
    0.0655717053092443,
    0.06059094009777674,
    0.04024145372498494,
    0.023193492231747277
  ],
  "val_losses": [
    0.10626085208995002,
    0.06578570737370423,
    0.09202303418091365,
    0.060495463865143914,
    0.09933223309261459
  ],
  "epoch_times_sec": [
    6.651186227798462,
    6.622274160385132,
    6.818229675292969,
    6.7340779304504395,
    6.647635459899902
  ],
  "total_train_sec": 33.542393922805786
}