{
  "data_flag": "pneumoniamnist",
  "num_classes": 2,
  "class_names": [
    "normal",
    "pneumonia"
  ],
  "is_ensemble": false,
  "metrics": {
    "accuracy": 0.9391025641025641,
    "balanced_accuracy": 0.9205128205128206,
    "auc": 0.9892285776901162
  },
  "confusion_matrix": [
    [
      198,
      36
    ],
    [
      2,
      388
    ]
  ],
  "counts": {
    "n_samples": 624
  },
  "timing": {
    "eval_wall_sec": 1.1575770378112793,
    "throughput_img_per_s": 539.0569954461478,
    "latency_ms_per_img": 1.855091406748845
  }
}