{
  "data_flag": "pneumoniamnist",
  "num_classes": 2,
  "class_names": [
    "normal",
    "pneumonia"
  ],
  "is_ensemble": false,
  "metrics": {
    "accuracy": 0.8974358974358975,
    "balanced_accuracy": 0.8632478632478633,
    "auc": 0.9813171159325005
  },
  "confusion_matrix": [
    [
      170,
      64
    ],
    [
      0,
      390
    ]
  ],
  "counts": {
    "n_samples": 624
  },
  "timing": {
    "eval_wall_sec": 1.2148122787475586,
    "throughput_img_per_s": 513.6596089095581,
    "latency_ms_per_img": 1.9468145492749336
  }
}