{
  "data_flag": "pneumoniamnist",
  "num_classes": 2,
  "class_names": [
    "normal",
    "pneumonia"
  ],
  "is_ensemble": false,
  "metrics": {
    "accuracy": 0.9567307692307693,
    "balanced_accuracy": 0.9431623931623931,
    "auc": 0.9944773175542406
  },
  "confusion_matrix": [
    [
      208,
      26
    ],
    [
      1,
      389
    ]
  ],
  "counts": {
    "n_samples": 624
  },
  "timing": {
    "eval_wall_sec": 1.1840388774871826,
    "throughput_img_per_s": 527.0097222857067,
    "latency_ms_per_img": 1.8974982011012542
  }
}