{
  "data_flag": "pneumoniamnist",
  "num_classes": 2,
  "class_names": [
    "normal",
    "pneumonia"
  ],
  "is_ensemble": false,
  "metrics": {
    "accuracy": 0.9214743589743589,
    "balanced_accuracy": 0.897008547008547,
    "auc": 0.9893929432390971
  },
  "confusion_matrix": [
    [
      187,
      47
    ],
    [
      2,
      388
    ]
  ],
  "counts": {
    "n_samples": 624
  },
  "timing": {
    "eval_wall_sec": 1.2390639781951904,
    "throughput_img_per_s": 503.60595657773285,
    "latency_ms_per_img": 1.985679452235882
  }
}