{
  "run_name": "fold_2",
  "train_losses": [
    1.1641824497747673,
    0.9386824066676791,
    0.8612881842113677,
    0.8054674526371023
  ],
  "val_losses": [
    0.9878357065220674,
    0.943149846047163,
    0.8862170514961084,
    0.8252486375470957
  ],
  "epoch_times_sec": [
    259.10113048553467,
    253.96344709396362,
    252.8605830669403,
    254.07380962371826
  ],
  "total_train_sec": 1020.0661039352417
}