{
  "run_name": "fold_1",
  "train_losses": [
    1.1602898136017814,
    0.9335893471404989,
    0.8598606460308903,
    0.8016139019734014
  ],
  "val_losses": [
    0.9664587999383608,
    1.0021826699376106,
    0.8613773956894875,
    0.9136771435538927
  ],
  "epoch_times_sec": [
    253.95011520385742,
    256.48816776275635,
    256.12657380104065,
    258.30494570732117
  ],
  "total_train_sec": 1024.9194867610931
}