{
  "run_name": "fold_3",
  "train_losses": [
    1.1629351024274472,
    0.9360254845291218,
    0.8588714536535677,
    0.8027038463839778
  ],
  "val_losses": [
    0.995160256822904,
    0.942831334968408,
    0.9040825702250004,
    0.868254986902078
  ],
  "epoch_times_sec": [
    251.79801845550537,
    258.0093479156494,
    252.8127884864807,
    253.30825471878052
  ],
  "total_train_sec": 1015.9921870231628
}