{
  "run_name": "fold_0",
  "train_losses": [
    1.1631827723412287,
    0.9370504892061627,
    0.8605746961144544,
    0.8042710032412614
  ],
  "val_losses": [
    0.9766271809736887,
    0.9263189025223255,
    0.9233343241115411,
    0.8478949405252934
  ],
  "epoch_times_sec": [
    266.59263920783997,
    258.6336452960968,
    258.3970310688019,
    254.0197398662567
  ],
  "total_train_sec": 1037.6982324123383
}