{
  "run_name": "fold_4",
  "train_losses": [
    1.1600515031940724,
    0.9365316553721352,
    0.8579679062126806,
    0.8018070068308916
  ],
  "val_losses": [
    0.9801618941128254,
    0.9589310586452484,
    0.8544081610937914,
    0.8704195482035478
  ],
  "epoch_times_sec": [
    262.4067373275757,
    257.1319942474365,
    258.6202893257141,
    257.04460740089417
  ],
  "total_train_sec": 1035.2624063491821
}