{
  "data_flag": "tissuemnist",
  "num_classes": 8,
  "class_names": [
    "Collecting Duct, Connecting Tubule",
    "Distal Convoluted Tubule",
    "Glomerular endothelial cells",
    "Interstitial endothelial cells",
    "Leukocytes",
    "Podocytes",
    "Proximal Tubule Segments",
    "Thick Ascending Limb"
  ],
  "is_ensemble": false,
  "metrics": {
    "accuracy": 0.696256345177665,
    "balanced_accuracy": 0.6084218434090952,
    "auc": 0.9373075244912845
  },
  "confusion_matrix": [
    [
      12206,
      217,
      16,
      178,
      226,
      198,
      897,
      1227
    ],
    [
      903,
      577,
      13,
      37,
      65,
      42,
      196,
      400
    ],
    [
      19,
      0,
      803,
      101,
      286,
      456,
      7,
      5
    ],
    [
      219,
      3,
      163,
      2758,
      673,
      355,
      180,
      51
    ],
    [
      163,
      9,
      90,
      422,
      2208,
      219,
      178,
      80
    ],
    [
      94,
      1,
      330,
      97,
      196,
      1377,
      74,
      33
    ],
    [
      1040,
      44,
      17,
      253,
      197,
      229,
      8112,
      1309
    ],
    [
      824,
      70,
      6,
      104,
      126,
      119,
      904,
      4878
    ]
  ],
  "counts": {
    "n_samples": 47280
  },
  "timing": {
    "eval_wall_sec": 22.862085580825806,
    "throughput_img_per_s": 2068.0527956580327,
    "latency_ms_per_img": 0.48354664934064734
  }
}