{
  "run_name": "fold_1",
  "train_losses": [
    0.5527757907786021,
    0.12035576881068509,
    0.06090387629299629,
    0.036409461416485836,
    0.025894980014460844
  ],
  "val_losses": [
    0.17794699154116891,
    0.05424877933480523,
    0.04096937010234052,
    0.025405968793413856,
    0.019866345619613476
  ],
  "epoch_times_sec": [
    55.17061758041382,
    53.370471239089966,
    51.58874440193176,
    54.52278399467468,
    52.534143686294556
  ],
  "total_train_sec": 267.26139211654663
}