{
  "run_name": "fold_4",
  "train_losses": [
    0.5560416637397394,
    0.11939179942738719,
    0.059742002407225166,
    0.03862068570423417,
    0.02748998631609649
  ],
  "val_losses": [
    0.21979053047570316,
    0.056142791428349235,
    0.03201676972887733,
    0.018936370541764933,
    0.01501635161482475
  ],
  "epoch_times_sec": [
    52.453245878219604,
    52.06152677536011,
    52.07821226119995,
    52.29375410079956,
    53.15245699882507
  ],
  "total_train_sec": 262.1134977340698
}