{
  "run_name": "fold_0",
  "train_losses": [
    0.5535609431383086,
    0.11741511269313533,
    0.061660179822910124,
    0.03743323415699529,
    0.024658908772214157
  ],
  "val_losses": [
    0.18560055033727127,
    0.05784903432835232,
    0.04224559088999575,
    0.025550004264170475,
    0.017470494590022347
  ],
  "epoch_times_sec": [
    57.13346457481384,
    56.270179986953735,
    53.4193160533905,
    52.49112272262573,
    51.394509077072144
  ],
  "total_train_sec": 270.7782213687897
}