{
  "run_name": "fold_2",
  "train_losses": [
    0.5603561183301414,
    0.11992619822664959,
    0.06401477427017398,
    0.03988541485514582,
    0.025431799815922248
  ],
  "val_losses": [
    0.1932501278140328,
    0.0482400157912211,
    0.027505154806104572,
    0.024492476558820767,
    0.015017599036747759
  ],
  "epoch_times_sec": [
    52.4562771320343,
    52.03764796257019,
    52.664037466049194,
    52.363635540008545,
    52.04368710517883
  ],
  "total_train_sec": 261.62413144111633
}