{
  "run_name": "fold_3",
  "train_losses": [
    0.5536290727010588,
    0.11742206426655374,
    0.05961819192985209,
    0.03791642388919505,
    0.025203031419617373
  ],
  "val_losses": [
    0.22037918730215592,
    0.05824632468548688,
    0.03513797660442916,
    0.026333383877169003,
    0.018000304995274
  ],
  "epoch_times_sec": [
    55.10537624359131,
    52.2339346408844,
    52.78458261489868,
    55.17241835594177,
    53.050840616226196
  ],
  "total_train_sec": 268.4230582714081
}