{
  "data_flag": "organamnist",
  "num_classes": 11,
  "class_names": [
    "bladder",
    "femur-left",
    "femur-right",
    "heart",
    "kidney-left",
    "kidney-right",
    "liver",
    "lung-left",
    "lung-right",
    "pancreas",
    "spleen"
  ],
  "is_ensemble": false,
  "metrics": {
    "accuracy": 0.9589380132748341,
    "balanced_accuracy": 0.9530740986476495,
    "auc": 0.9980020780846346
  },
  "confusion_matrix": [
    [
      902,
      1,
      0,
      0,
      33,
      45,
      0,
      0,
      0,
      54,
      1
    ],
    [
      0,
      700,
      68,
      0,
      7,
      9,
      0,
      0,
      0,
      0,
      0
    ],
    [
      0,
      0,
      766,
      0,
      18,
      9,
      0,
      0,
      0,
      0,
      0
    ],
    [
      0,
      0,
      0,
      777,
      1,
      0,
      0,
      1,
      0,
      6,
      0
    ],
    [
      54,
      0,
      0,
      0,
      1767,
      78,
      0,
      0,
      0,
      17,
      148
    ],
    [
      39,
      0,
      3,
      0,
      41,
      1845,
      0,
      0,
      0,
      9,
      28
    ],
    [
      0,
      0,
      0,
      0,
      0,
      0,
      3275,
      0,
      10,
      0,
      0
    ],
    [
      0,
      0,
      0,
      0,
      0,
      0,
      0,
      1747,
      0,
      0,
      0
    ],
    [
      2,
      0,
      0,
      0,
      0,
      0,
      13,
      0,
      1798,
      0,
      0
    ],
    [
      0,
      0,
      0,
      0,
      0,
      0,
      0,
      0,
      0,
      1615,
      7
    ],
    [
      7,
      0,
      0,
      1,
      12,
      1,
      0,
      7,
      0,
      0,
      1856
    ]
  ],
  "counts": {
    "n_samples": 17778
  },
  "timing": {
    "eval_wall_sec": 8.80798053741455,
    "throughput_img_per_s": 2018.3968305200708,
    "latency_ms_per_img": 0.49544271219566605
  }
}