{
  "data_flag": "organamnist",
  "num_classes": 11,
  "class_names": [
    "bladder",
    "femur-left",
    "femur-right",
    "heart",
    "kidney-left",
    "kidney-right",
    "liver",
    "lung-left",
    "lung-right",
    "pancreas",
    "spleen"
  ],
  "is_ensemble": false,
  "metrics": {
    "accuracy": 0.9595567555405558,
    "balanced_accuracy": 0.952029025885787,
    "auc": 0.9971875955206002
  },
  "confusion_matrix": [
    [
      897,
      3,
      4,
      0,
      38,
      24,
      0,
      0,
      0,
      66,
      4
    ],
    [
      0,
      718,
      59,
      0,
      5,
      2,
      0,
      0,
      0,
      0,
      0
    ],
    [
      0,
      6,
      768,
      0,
      13,
      6,
      0,
      0,
      0,
      0,
      0
    ],
    [
      0,
      0,
      0,
      736,
      0,
      0,
      0,
      44,
      0,
      5,
      0
    ],
    [
      41,
      2,
      0,
      0,
      1786,
      51,
      0,
      2,
      0,
      22,
      160
    ],
    [
      35,
      0,
      5,
      0,
      42,
      1845,
      0,
      0,
      0,
      0,
      38
    ],
    [
      0,
      0,
      0,
      0,
      0,
      0,
      3270,
      0,
      15,
      0,
      0
    ],
    [
      0,
      0,
      0,
      0,
      0,
      0,
      0,
      1747,
      0,
      0,
      0
    ],
    [
      0,
      0,
      0,
      0,
      0,
      0,
      6,
      0,
      1807,
      0,
      0
    ],
    [
      0,
      0,
      0,
      0,
      2,
      0,
      0,
      0,
      0,
      1615,
      5
    ],
    [
      7,
      0,
      0,
      0,
      4,
      0,
      0,
      3,
      0,
      0,
      1870
    ]
  ],
  "counts": {
    "n_samples": 17778
  },
  "timing": {
    "eval_wall_sec": 8.789510726928711,
    "throughput_img_per_s": 2022.638182297561,
    "latency_ms_per_img": 0.4944037983422607
  }
}