{
  "data_flag": "organamnist",
  "num_classes": 11,
  "class_names": [
    "bladder",
    "femur-left",
    "femur-right",
    "heart",
    "kidney-left",
    "kidney-right",
    "liver",
    "lung-left",
    "lung-right",
    "pancreas",
    "spleen"
  ],
  "is_ensemble": false,
  "metrics": {
    "accuracy": 0.9671504106198673,
    "balanced_accuracy": 0.9608999656343943,
    "auc": 0.9982074922447097
  },
  "confusion_matrix": [
    [
      930,
      3,
      0,
      0,
      14,
      39,
      0,
      0,
      0,
      47,
      3
    ],
    [
      0,
      760,
      18,
      0,
      4,
      2,
      0,
      0,
      0,
      0,
      0
    ],
    [
      0,
      56,
      725,
      0,
      8,
      4,
      0,
      0,
      0,
      0,
      0
    ],
    [
      0,
      0,
      0,
      755,
      0,
      2,
      0,
      23,
      0,
      4,
      1
    ],
    [
      32,
      6,
      0,
      0,
      1808,
      55,
      0,
      0,
      0,
      10,
      153
    ],
    [
      14,
      0,
      2,
      0,
      14,
      1913,
      0,
      0,
      0,
      1,
      21
    ],
    [
      0,
      0,
      0,
      0,
      0,
      0,
      3269,
      0,
      16,
      0,
      0
    ],
    [
      0,
      0,
      0,
      0,
      0,
      0,
      0,
      1747,
      0,
      0,
      0
    ],
    [
      0,
      0,
      0,
      0,
      0,
      0,
      4,
      0,
      1809,
      0,
      0
    ],
    [
      0,
      0,
      0,
      0,
      4,
      0,
      0,
      0,
      0,
      1613,
      5
    ],
    [
      7,
      0,
      0,
      0,
      4,
      3,
      0,
      5,
      0,
      0,
      1865
    ]
  ],
  "counts": {
    "n_samples": 17778
  },
  "timing": {
    "eval_wall_sec": 8.749099016189575,
    "throughput_img_per_s": 2031.9806607632509,
    "latency_ms_per_img": 0.49213066802731326
  }
}