{
  "data_flag": "organamnist",
  "num_classes": 11,
  "class_names": [
    "bladder",
    "femur-left",
    "femur-right",
    "heart",
    "kidney-left",
    "kidney-right",
    "liver",
    "lung-left",
    "lung-right",
    "pancreas",
    "spleen"
  ],
  "is_ensemble": false,
  "metrics": {
    "accuracy": 0.9654629317133536,
    "balanced_accuracy": 0.9579901460969741,
    "auc": 0.9983511565621789
  },
  "confusion_matrix": [
    [
      885,
      0,
      1,
      0,
      30,
      42,
      0,
      0,
      0,
      68,
      10
    ],
    [
      0,
      737,
      34,
      0,
      10,
      3,
      0,
      0,
      0,
      0,
      0
    ],
    [
      0,
      14,
      756,
      0,
      21,
      2,
      0,
      0,
      0,
      0,
      0
    ],
    [
      0,
      0,
      0,
      754,
      8,
      2,
      0,
      17,
      0,
      4,
      0
    ],
    [
      31,
      0,
      0,
      0,
      1841,
      37,
      0,
      0,
      0,
      3,
      152
    ],
    [
      7,
      0,
      1,
      0,
      46,
      1885,
      0,
      0,
      0,
      1,
      25
    ],
    [
      0,
      0,
      0,
      0,
      0,
      0,
      3269,
      0,
      16,
      0,
      0
    ],
    [
      0,
      0,
      0,
      0,
      0,
      0,
      0,
      1747,
      0,
      0,
      0
    ],
    [
      0,
      0,
      0,
      0,
      0,
      0,
      6,
      0,
      1807,
      0,
      0
    ],
    [
      0,
      0,
      0,
      0,
      6,
      0,
      0,
      0,
      0,
      1609,
      7
    ],
    [
      0,
      0,
      0,
      0,
      6,
      0,
      0,
      4,
      0,
      0,
      1874
    ]
  ],
  "counts": {
    "n_samples": 17778
  },
  "timing": {
    "eval_wall_sec": 8.89040493965149,
    "throughput_img_per_s": 1999.6839424838292,
    "latency_ms_per_img": 0.5000790268675604
  }
}