{
  "data_flag": "organamnist",
  "num_classes": 11,
  "class_names": [
    "bladder",
    "femur-left",
    "femur-right",
    "heart",
    "kidney-left",
    "kidney-right",
    "liver",
    "lung-left",
    "lung-right",
    "pancreas",
    "spleen"
  ],
  "is_ensemble": false,
  "metrics": {
    "accuracy": 0.9606817414782315,
    "balanced_accuracy": 0.9545791728733342,
    "auc": 0.9976624479618085
  },
  "confusion_matrix": [
    [
      883,
      2,
      0,
      0,
      48,
      24,
      0,
      0,
      0,
      77,
      2
    ],
    [
      0,
      738,
      36,
      0,
      9,
      1,
      0,
      0,
      0,
      0,
      0
    ],
    [
      0,
      23,
      745,
      0,
      19,
      6,
      0,
      0,
      0,
      0,
      0
    ],
    [
      0,
      0,
      0,
      773,
      1,
      1,
      0,
      6,
      0,
      4,
      0
    ],
    [
      35,
      8,
      0,
      0,
      1841,
      13,
      0,
      0,
      0,
      13,
      154
    ],
    [
      26,
      0,
      0,
      0,
      102,
      1804,
      0,
      0,
      0,
      4,
      29
    ],
    [
      0,
      0,
      0,
      0,
      0,
      0,
      3270,
      0,
      15,
      0,
      0
    ],
    [
      0,
      0,
      0,
      0,
      0,
      0,
      0,
      1745,
      0,
      0,
      2
    ],
    [
      0,
      0,
      0,
      0,
      0,
      0,
      6,
      0,
      1807,
      0,
      0
    ],
    [
      0,
      0,
      0,
      0,
      6,
      0,
      0,
      0,
      0,
      1611,
      5
    ],
    [
      1,
      0,
      0,
      0,
      16,
      0,
      0,
      2,
      0,
      3,
      1862
    ]
  ],
  "counts": {
    "n_samples": 17778
  },
  "timing": {
    "eval_wall_sec": 8.849360466003418,
    "throughput_img_per_s": 2008.9587341704218,
    "latency_ms_per_img": 0.4977703040838912
  }
}