{
  "data_flag": "organamnist",
  "num_classes": 11,
  "class_names": [
    "bladder",
    "femur-left",
    "femur-right",
    "heart",
    "kidney-left",
    "kidney-right",
    "liver",
    "lung-left",
    "lung-right",
    "pancreas",
    "spleen"
  ],
  "is_ensemble": true,
  "metrics": {
    "accuracy": 0.9673754078074024,
    "balanced_accuracy": 0.9617265114123327,
    "auc": 0.99827519800466
  },
  "confusion_matrix": [
    [
      911,
      2,
      0,
      0,
      27,
      29,
      0,
      0,
      0,
      65,
      2
    ],
    [
      0,
      741,
      36,
      0,
      5,
      2,
      0,
      0,
      0,
      0,
      0
    ],
    [
      0,
      14,
      758,
      0,
      16,
      5,
      0,
      0,
      0,
      0,
      0
    ],
    [
      0,
      0,
      0,
      763,
      0,
      0,
      0,
      17,
      0,
      5,
      0
    ],
    [
      31,
      1,
      0,
      0,
      1840,
      32,
      0,
      0,
      0,
      12,
      148
    ],
    [
      19,
      0,
      2,
      0,
      36,
      1874,
      0,
      0,
      0,
      4,
      30
    ],
    [
      0,
      0,
      0,
      0,
      0,
      0,
      3269,
      0,
      16,
      0,
      0
    ],
    [
      0,
      0,
      0,
      0,
      0,
      0,
      0,
      1747,
      0,
      0,
      0
    ],
    [
      0,
      0,
      0,
      0,
      0,
      0,
      6,
      0,
      1807,
      0,
      0
    ],
    [
      0,
      0,
      0,
      0,
      3,
      0,
      0,
      0,
      0,
      1613,
      6
    ],
    [
      1,
      0,
      0,
      0,
      4,
      1,
      0,
      3,
      0,
      0,
      1875
    ]
  ],
  "counts": {
    "n_samples": 17778
  },
  "timing": {
    "eval_wall_sec": 24.413952350616455,
    "throughput_img_per_s": 728.1901653892228,
    "latency_ms_per_img": 1.373267653876502
  }
}